category,link
CA business,http://www.calgarysun.com/money/rss.xml
CA business,http://www.itbusiness.ca/feed
CA business,http://rss.cbc.ca/lineup/business.xml
CA business,http://feeds.feedburner.com/FP_TopStories?format=xml
CA business,http://www.canadianbusiness.com/feed/
CA business,http://www.ctvnews.ca/rss/business/ctv-news-business-headlines-1.867648
CA business,http://www.economist.com/blogs/americasview/2014/09/politics-alberta?fsrc=rss
IN business,http://www.oneindia.com/rss/news-business-fb.xml
IN business,http://economictimes.indiatimes.com/rssfeedsdefault.cms
IN business,http://www.business-standard.com/rss/todays-paper.rss
IN business,http://www.business-standard.com/rss/home_page_top_stories.rss
IN business,http://zeenews.india.com/rss/business.xml
IN business,https://in.news.yahoo.com/rss//india
IN business,http://www.huffingtonpost.com/feeds/verticals/business/news.xml
IN business,http://www.nytimes.com/services/xml/rss/nyt/InternationalBusiness.xml
IN business,https://news.google.com/news/feeds?cf=all&ned=in&hl=en&topic=b&output=rss
IN business,http://www.thetimes.co.uk/tto/business/markets/india/rss
IN business,http://www.livemint.com/rss/companies
IN business,http://www.livemint.com/rss/consumer
IN business,http://www.livemint.com/rss/money
IN business,http://www.livemint.com/rss/industry
GB business,https://uk.finance.yahoo.com/news/provider-yahoofinance/?format=rss
GB business,http://feeds.feedburner.com/daily-express-finance-news
GB business,http://www.manchestereveningnews.co.uk/business/rss.xml
GB business,http://online.wsj.com/xml/rss/3_7031.xml
GB business,http://feeds.theguardian.com/theguardian/uk/business/rss
GB business,http://feeds.bbci.co.uk/news/business/rss.xml
GB business,http://www.telegraph.co.uk/finance/rss
GB business,http://www.thetimes.co.uk/tto/business/rss
GB business,http://www.ibtimes.co.uk/rss/uk
AU business,http://www.businessspectator.com.au/bs/rss.xml
AU business,http://www.dynamicbusiness.com.au/feed
AU business,http://www.abc.net.au/news/feed/51892/rss.xml
AU business,http://www.smh.com.au/rssheadlines/business.xml
AU business,http://feeds.news.com.au/heraldsun/rss/heraldsun_news_business_2783.xml
US Business,http://feeds.bbci.co.uk/news/technology/rss.xml
US Business,http://hosted2.ap.org/atom/APDEFAULT/f70471f764144b2fab526d39972d37b3
US Business,http://www.businessweek.com/search/rssfeed.htm
US Business,http://www.huffingtonpost.com/feeds/verticals/business/news.xml
US Business,http://www.economist.com/feeds/print-sections/77/business.xml
US Business,http://www.business-standard.com/rss/latest.rss
US Business,http://www.business-standard.com/rss/home_page_top_stories.rss
US Business,http://rss.cnn.com/rss/edition_business.rss
US Business,http://www.bloomberg.com/feed/podcast/law.xml
US Business,http://rss.canada.com/get/?F7537
US Business,http://feeds.feedburner.com/morningstar/glkd
Others,https://www.cnbc.com/id/19746125/device/rss/rss.xml
Others,https://fortune.com/feed
Others,https://www.ft.com/?format=rss
Others,https://www.investing.com/rss/news.rss
Others,https://www.musicbusinessworldwide.com/feed
Others,https://economictimes.indiatimes.com/rssfeedsdefault.cms
Others,https://finance.yahoo.com/news/rssindex
Others,http://www.businesstoday.in/rss/rssstory.jsp?sid=105
Others,https://www.zeebiz.com/latest.xml/feed
Others,https://www.thehindubusinessline.com/?service=rss
Others,https://prod-qt-images.s3.amazonaws.com/production/bloombergquint/feed.xml
Others,https://www.globes.co.il/webservice/rss/rssfeeder.asmx/FeederNode?iID=1725
Others,https://business.financialpost.com/feed/
Others,https://www.moneyweb.co.za/feed/
Others,https://mjbizdaily.com/feed/
Others,https://bmmagazine.co.uk/feed/
Others,https://www.businessdailyafrica.com/latestrss.rss
Others,https://www.bworldonline.com/feed/
Others,https://www.insightssuccess.com/feed/
Others,https://feeds.feedburner.com/ModestMoney
Others,https://www.businesstravelnews.com/rss/business-travel-news
Others,https://www.businessnews.com.au/rssfeed/latest.rss
Others,http://www.birminghampost.co.uk/business/rss.xml
Others,http://talkingbiznews.com/feed/
Others,https://iotbusinessnews.com/feed/
Others,https://libn.com/feed/
Others,https://www.ibtimes.com.au/rss
Others,https://www.businessmole.com/feed/
Others,https://www.business-standard.com/rss/home_page_top_stories.rss
Others,https://www.businessnews.com.ph/feed/
Others,https://www.thailand-business-news.com/feed
Others,http://smallbiztalks.com/feed/
Others,https://www.indianweb2.com/feeds/posts/default
Others,https://www.revyuh.com/feed/
Others,https://businessday.ng/feed/
Others,http://feeds.feedburner.com/morningstar/glkd
Others,https://www.canadianbusiness.com/business-news/feed/
Others,https://feeds.feedburner.com/JewishBusinessNews
Others,https://www.biztrailblazer.com/feed/
Others,https://www.moveyourmoney.org.uk/feed/
Others,http://businessnews.com.ng/feed/
Others,http://rss.cnn.com/rss/money_topstories.rss
Others,https://feeds.feedburner.com/morningstar/glkd
Others,https://seekingalpha.com/market_currents.xml
US general,http://feeds.abcnews.com/abcnews/usheadlines
US general,http://rss.cnn.com/rss/cnn_topstories.rss
US general,http://www.cbsnews.com/latest/rss/main
US general,http://www.nytimes.com/services/xml/rss/nyt/National.xml
US general,http://online.wsj.com/xml/rss/3_7085.xml
US general,http://content.usatoday.com/marketing/rss/rsstrans.aspx?feedId=news2
US general,http://rss.csmonitor.com/feeds/usa
US general,http://feeds.nbcnews.com/feeds/topstories
US general,http://feeds.nbcnews.com/feeds/worldnews
US general,http://feeds.reuters.com/Reuters/worldNews
US general,http://feeds.reuters.com/Reuters/domesticNews
US general,http://hosted.ap.org/lineups/USHEADS.rss
US general,http://hosted.ap.org/lineups/WORLDHEADS.rss
US general,http://www.huffingtonpost.com/feeds/verticals/world/index.xml
US general,http://feeds.bbci.co.uk/news/world/us_and_canada/rss.xml
US general,http://news.yahoo.com/rss/us
US general,http://rss.news.yahoo.com/rss/world
US general,http://www.newsweek.com/rss
US general,http://feeds.feedburner.com/thedailybeast/articles
US general,http://qz.com/feed
US general,http://www.theguardian.com/world/usa/rss
US general,http://www.politico.com/rss/politicopicks.xml
US general,http://www.newyorker.com/feed/news
US general,http://feeds.feedburner.com/NationPBSNewsHour
US general,http://feeds.feedburner.com/NewshourWorld
US general,http://www.usnews.com/rss/news
US general,http://www.npr.org/rss/rss.php?id=1003
US general,http://www.npr.org/rss/rss.php?id=1004
US general,http://feeds.feedburner.com/AtlanticNational
US general,http://feeds.feedburner.com/TheAtlanticWire
US general,http://www.latimes.com/nation/rss2.0.xml
US general,http://www.latimes.com/world/rss2.0.xml
US general,http://api.breakingnews.com/api/v1/item/?format=rss
US general,https://news.vice.com/rss
US general,http://talkingpointsmemo.com/feed/livewire
US general,http://www.salon.com/category/news/feed/rss/
US general,http://time.com/newsfeed/feed/
US general,http://feeds.foxnews.com/foxnews/latest?format=xml
US general,http://mashable.com/us-world/rss/
US tech,http://www.huffingtonpost.com/feeds/verticals/technology/news.xml
US tech,http://rss.cnn.com/rss/cnn_tech.rss
US tech,http://rss.nytimes.com/services/xml/rss/nyt/Technology.xml
US tech,http://feeds.foxnews.com/foxnews/tech
US tech,http://www.theverge.com/rss/group/features/index.xml
US tech,http://feeds.feedburner.com/TechCrunch/
US tech,http://feeds.wired.com/wired/index
US tech,http://mashable.com/category/rss/
US tech,http://www.cnet.com/rss/news/
US tech,http://www.cnet.com/rss/iphone-update/
US tech,http://www.cnet.com/rss/android-update/
US tech,http://online.wsj.com/xml/rss/3_7455.xml
US tech,http://www.npr.org/rss/rss.php?id=1019
US tech,http://www.macworld.com/index.rss
US tech,http://www.pcworld.com/index.rss
US tech,http://recode.net/category/general/feed/
US tech,http://recode.net/category/mobile/feed/
US tech,http://recode.net/category/security/feed/
US tech,http://recode.net/category/enterprise/feed/
US tech,http://www.engadget.com/rss.xml
US tech,http://feeds.gawker.com/gizmodo/full
US tech,http://feeds.feedburner.com/techcrunch/startups?format=xml
US tech,http://feeds.feedburner.com/TechCrunch/Gaming?format=xml
US tech,http://feeds.venturebeat.com/VentureBeat
US tech,http://feeds.venturebeat.com/smallbiz
US tech,http://feeds.gawker.com/valleywag/full
US tech,http://www.latimes.com/business/technology/rss2.0.xml
US tech,http://feeds.bizjournals.com/industry_7
US tech,http://feeds.abcnews.com/abcnews/technologyheadlines
US tech,http://www.buzzfeed.com/tech.xml
US tech,http://feeds.webservice.techradar.com/us/rss/new
US tech,http://gigaom.com/feed/
US tech,http://feeds.arstechnica.com/arstechnica/gadgets
US tech,http://www.geek.com/feed/
US tech,http://feeds.reuters.com/reuters/technologyNews?format=xml
US tech,http://www.computerweekly.com/rss/All-Computer-Weekly-content.xml
US tech,http://techrepublic.com.feedsportal.com/c/35463/f/670841/index.rss
US tech,http://zdnet.com.feedsportal.com/c/35462/f/675634/index.rss
US tech,http://www.forbes.com/technology/feed/
US tech,http://time.com/tech/feed/
US tech,http://rss.feedsportal.com/c/270/f/3547/index.rss
US tech,http://rssfeeds.usatoday.com/usatoday-TechTopStories
US tech,http://feeds.bbci.co.uk/news/technology/rss.xml
US tech,http://www.theinquirer.net/feeds/rss
US tech,http://techreport.com/news.rss
US tech,http://www.techspot.com/backend.xml
US tech,http://www.techtarget.com/html/pr/tt_pr.xml
US tech,http://feeds.feedburner.com/geekologie/iShm
US tech,http://www.dailytech.com/rss.aspx
US tech,http://www.digitaltrends.com/feed/
US tech,http://feeds2.feedburner.com/bit-tech/all
US tech,http://www.wsj.com/xml/rss/3_7455.xml
US tech,http://feeds.arstechnica.com/arstechnica/technology-lab
US tech,http://feeds.arstechnica.com/arstechnica/gadgets
US tech,http://feeds.arstechnica.com/arstechnica/business
US tech,http://www.informationweek.com/rss_simple.asp
US tech,http://feeds.newscientist.com/tech
US tech,http://feeds.nature.com/news/rss/news_s16
US tech,http://www.technologyreview.com/stream/rss/
US tech,http://hosted2.ap.org/atom/APDEFAULT/495d344a0d10421e9baa8ee77029cfbd
US tech,http://feeds.sciencedaily.com/sciencedaily/top_news/top_health
US tech,http://feeds.washingtonpost.com/rss/business/technology
US tech,http://www.techinsider.io/rss
US tech,http://feeds.feedburner.com/IeeeSpectrumRoboticsChannel
US tech,http://www.theverge.com/tech/rss/index.xml
US tech,http://recode.net/feed/
CA general,http://rss.canada.com/get/?F7497
CA general,http://news.gc.ca/web/fd-en.do?mthd=ntnl&ft=atom
CA general,http://news.gc.ca/web/fd-en.do?mthd=rgnl&ft=atom
CA general,http://www.journaldemontreal.com/rss.xml
CA general,http://rss.radio-canada.ca/fils/nouvelles/national.xml
CA general,http://www.calgarysun.com/home/rss.xml
CA general,http://leaderpost.com/feed/
CA general,http://thestarphoenix.com/feed/
CA general,http://windsorstar.com/feed/
CA general,http://www.cbc.ca/cmlink/rss-canada
CA general,http://www.ctvnews.ca/rss/ctvnews-ca-canada-public-rss-1.822284
CA general,http://rss.canada.com/get/?F75
CA general,http://globalnews.ca/canada/feed/
CA general,http://www.thestar.com/feeds.articles.news.canada.rss
CA general,http://www.theglobeandmail.com/news/national/?service=rss
CA general,http://feeds.bbci.co.uk/news/world/us_and_canada/rss.xml
CA general,http://rss.canada.com/get/?F270
CA general,http://www.macleans.ca/feed/
CA general,http://rss.canada.com/get/?F7364
CA general,http://rss.canada.com/get/?F264
CA general,http://www.nhl.com/rss/news.xml
CA general,http://feeds.reuters.com/Reuters/worldNews
CA general,http://www.660news.com/featured/spotlight/feed/
CA general,http://www.brandonsun.com/rss/?path=%2Fnational%2Fbreaking-news
CA general,http://thewalrus.ca/feed/
CA general,http://www.torontosun.com/home/rss.xml
CA general,http://rss.canada.com/get/?F243
CA general,http://rss.canada.com/get/?F259
CA general,http://rss.canada.com/get/?F291
CA general,http://feeds.feedblitz.com/thetyee
CA sports,http://rss.canada.com/get/?F255
CA sports,http://www.journaldemontreal.com/sports/rss.xml
CA sports,http://rss.radio-canada.ca/fils/sports/sports.xml
CA sports,http://www.calgarysun.com/sports/rss.xml
CA sports,http://www.huffingtonpost.ca/feeds/verticals/canada-sports/index.xml
CA sports,http://rss.canoe.com/Slam/home.xml
CA sports,http://torontosportsmedia.com/feed
CA sports,http://en.cis-sic.ca/landing/headlines-featured?feed=rss_2.0
CA sports,http://www.cbc.ca/cmlink/rss-sports
CA sports,http://www.tsn.ca/datafiles/rss/Stories.xml
CA sports,http://www.sportsnet.ca/feed/
CA sports,https://ca.sports.yahoo.com/top/rss.xml
CA sports,http://www.thestar.com/feeds.articles.sports.rss
CA sports,http://www.theglobeandmail.com/sports/?service=rss
CA sports,http://rss.canada.com/get/?F260
CA sports,http://globalnews.ca/sports/feed/
CA sports,http://www.torontosun.com/sports/rss.xml
CA sports,http://www.winnipegfreepress.com/rss/?path=%2Fsports
CA tech,http://rss.canada.com/get/?F7539
CA tech,http://rss.radio-canada.ca/fils/nouvelles/technologie.xml
CA tech,http://www.calgarysun.com/tech/rss.xml
CA tech,http://www.pcauthority.com.au/RSS/rss.ashx?type=Category&ID=12
CA tech,http://www.techvibes.com/feed/blog/xml/global/
CA tech,http://betakit.com/feed/
CA tech,http://www.cbc.ca/cmlink/rss-technology
CA tech,http://rss.canada.com/get/?F7166
CA tech,http://rss.canada.com/get/?F221
CA tech,http://rss.canada.com/get/?F7484
CA tech,http://mobilesyrup.com/feed/
CA tech,http://globalnews.ca/tech/feed/
CA tech,http://www.thestar.com/feeds.articles.life.technology.rss
CA tech,http://www.theepochtimes.com/n3/c/tech/tech-news/feed/
CA tech,http://www.huffingtonpost.com/feeds/verticals/technology/news.xml
CA tech,http://feeds.reuters.com/reuters/technologyNews?format=xml
IN general,http://www.telegraphindia.com/feeds/rss.jsp?id=3
IN general,http://www.caravanmagazine.in/feed
IN general,http://thewire.in/feed/
IN general,http://www.oneindia.com/rss/news-india-fb.xml
IN general,http://sify.com/rss2/news/article/category/national
IN general,http://www.tehelka.com/?feed=custom_feed
IN general,http://www.outlookindia.com/rss/main/website
IN general,http://www.outlookindia.com/rss/main/newswire
IN general,http://www.outlookindia.com/rss/section/19
IN general,http://feeds.hindustantimes.com/HT-India
IN general,http://indianexpress.com/section/india/feed/
IN general,http://timesofindia.feedsportal.com/c/33039/f/533916/index.rss
IN general,http://feeds.bbci.co.uk/news/world/asia/india/rss.xml
IN general,http://ibnlive.in.com/ibnrss/top.xml
IN general,http://timesofindia.feedsportal.com/c/33039/f/533965/index.rss
IN general,http://indiatoday.feedsportal.com/c/33614/f/589699/index.rss
IN general,http://www.thehindubusinessline.com/news/?service=rss
IN general,http://www.thehindubusinessline.com/news/international/?service=rss
IN general,http://www.thehindu.com/news/national/?service=rss
IN general,http://zeenews.india.com/rss/world-news.xml
IN general,http://www.business-standard.com/rss/current-affairs-news-11501.rss
IN general,http://nvonews.com/feed/
IN general,http://economictimes.indiatimes.com/News/rssfeeds/1715249553.cms
IN general,http://www.sikhsiyasat.com/feed/
IN general,http://indiatoday.feedsportal.com/c/33614/f/589699/index.rss
IN general,http://www.asianage.com/rss/38
IN general,http://www.business-standard.com/rss/home_page_top_stories.rss
IN general,http://www.dnaindia.com/rss.xml
IN general,http://www.deccanchronicle.com/rss.xml
IN general,http://www.deccanherald.com/rss-internal/top-stories.rss
IN general,http://syndication.financialexpress.com/rss/latest-news.xml
IN general,http://www.mid-day.com/Resources/midday/rss/news-national.xml
IN general,http://www.livemint.com/rss/homepage
IN sports,http://www.telegraphindia.com/feeds/rss.jsp?id=7
IN sports,http://www.espncricinfo.com/rss/content/story/feeds/6.xml
IN sports,http://live-feeds.cricbuzz.com/CricbuzzFeed
IN sports,http://www.oneindia.com/rss/news-sports-fb.xml
IN sports,http://www.outlookindia.com/rss/section/22
IN sports,http://sify.com/rss2/sports/article/category/cricket
IN sports,http://sify.com/rss2/sports/article/category/football
IN sports,http://sify.com/rss2/sports/article/category/others
IN sports,http://timesofindia.feedsportal.com/c/33039/f/533921/index.rss
IN sports,http://feeds.feedburner.com/NDTV-Sports
IN sports,http://feeds.feedburner.com/NDTV-Cricket
IN sports,http://syndication.indianexpress.com/rss/785/latest-news.xml
IN sports,https://in.news.yahoo.com/rss/sports
IN sports,http://indiatoday.feedsportal.com/c/33614/f/589706/index.rss?http://
indiatoda,y.intoday.in/rss/article.jsp?sid=84
IN sports,http://zeenews.india.com/rss/sports-news.xml
IN sports,http://feeds.reuters.com/reuters/worldOfSport
IN sports,http://feeds.hindustantimes.com/HT-Sport
IN sports,http://www.thehindu.com/sport/?service=rss
IN sports,http://www.abplive.in/sports/?widgetName=rssfeed&widgetContentId=101313&getXmlFeed=true
IN tech,http://www.pcquest.com/rss-2-2/?cat_slug=news-launches
IN tech,http://www.pcquest.com/rss-2-2/?cat_slug=tech-&-trends
IN tech,http://sify.com/rss2/business/article/category/technology
IN tech,http://timesofindia.feedsportal.com/c/33039/f/533923/index.rss
IN tech,http://www.techtree.com/rss.xml
IN tech,http://indianexpress.com/section/technology/feed/
IN tech,http://www.thehindu.com/sci-tech/?service=rss
IN tech,http://www.thehindu.com/sci-tech/technology/?service=rss
IN tech,http://feeds.hindustantimes.com/HT-Technology
IN tech,http://syndication.financialexpress.com/rss/377/tech.xml
IN tech,http://www.gizmodo.in/rss_section_feeds/19124814.cms
IN tech,http://zeenews.india.com/rss/science-technology-news.xml
IN tech,http://www.computerworld.in/rss.xml
GB general,http://www.theguardian.com/observer/rss
GB general,http://www.theguardian.com/world/rss
GB general,http://www.theweek.co.uk/feeds/all
GB general,http://feeds.bbci.co.uk/news/world/rss.xml
GB general,http://feeds.bbci.co.uk/news/uk/rss.xml
GB general,http://www.theguardian.com/uk/rss
GB general,http://news.sky.com/feeds/rss/uk.xml
GB general,http://www.telegraph.co.uk/news/uknews/rss
GB general,http://www.ft.com/rss/world/uk
GB general,http://www.standard.co.uk/news/rss
GB general,http://www.oxfordmail.co.uk/news/rss/
GB general,http://www.dailymail.co.uk/news/index.rss
GB general,http://rss.feedsportal.com/c/266/f/3503/index.rss
GB general,http://rss.feedsportal.com/c/266/f/3496/index.rss
GB general,http://feeds.feedburner.com/daily-express-uk-news
GB general,http://www.standard.co.uk/news/rss
GB general,http://www.manchestereveningnews.co.uk/rss.xml
GB general,http://www.itv.com/news/index.rss
GB general,http://www.thecourier.co.uk/cmlink/1.67998
GB general,http://feeds.feedburner.com/ScottishNewsHeraldScotland
GB general,http://www.channel4.com/news/uk/rss
GB general,http://www.scotsman.com/rss/cmlink/1.65668
GB general,http://www.newsletter.co.uk/rss/cmlink/1.1571541
GB general,http://feeds.examiner.ie/ietopstories
GB general,http://www.irishtimes.com/rss/editors-picks-feed-1.1904962?localLinksEnabled=false
GB sports,http://www.theguardian.com/football/rss
GB sports,http://www.theweek.co.uk/feeds/sport
GB sports,http://feeds.feedburner.com/daily-express-sport-news
GB sports,http://www.mirror.co.uk/sport/rss.xml
GB sports,http://feeds.feedburner.com/SportcoukNewsRssFeed
GB sports,http://www.standard.co.uk/sport/football/rss
GB sports,"http://www.skysports.com/rss/0,20514,12040,00.xml"
GB sports,"http://www.skysports.com/rss/0,20514,20876,00.xml"
GB sports,http://feeds.theguardian.com/theguardian/uk/sport/rss
GB sports,http://feeds.bbci.co.uk/sport/0/rss.xml?edition=uk
GB sports,http://www.dailymail.co.uk/sport/index.rss
GB sports,http://www.huffingtonpost.co.uk/feeds/verticals/uk-sport/index.xml
GB sports,http://www.telegraph.co.uk/sport/rss
GB sports,http://metro.co.uk/sport/feed/
GB sports,http://rss.feedsportal.com/c/266/f/3784/index.rss
GB sports,https://uk.eurosport.yahoo.com/eurosport/tickerdb/sport/0.xml
GB sports,http://mf.feeds.reuters.com/reuters/UKSportsNews
GB tech,http://feeds.feedburner.com/uk/gizmodo
GB tech,http://feeds.skynews.com/feeds/rss/technology.xml
GB tech,http://rss.feedsportal.com/c/559/f/7174/index.rss
GB tech,http://www.huffingtonpost.co.uk/feeds/verticals/uk-tech/index.xml
GB tech,http://techcrunch.com/europe/feed/
GB tech,http://www.techrepublic.com/rssfeeds/blog/european-technology/
GB tech,http://feeds.theguardian.com/theguardian/technology/rss
GB tech,http://feeds.bbci.co.uk/news/technology/rss.xml#
GB tech,http://blogs.technet.com/b/uktechnet/rss.aspx
GB tech,http://blogs.which.co.uk/technology/feed/atom/
GB tech,http://feeds.webservice.techradar.com/rss/new
AU general,http://www.abc.net.au/news/feed/46182/rss.xml
AU general,http://feeds.feedburner.com/TheAustralianTheNationNews
AU general,http://feeds.smh.com.au/rssheadlines/national.xml
AU general,http://www.theguardian.com/au/rss
AU general,http://www.abc.net.au/local/rss/sydney/news.xml
AU general,http://www.channelnewsasia.com/starterkit/servlet/cna/rss/asiapacific.xml
AU general,http://feeds.brisbanetimes.com.au/rssheadlines/national.xml
AU general,http://feeds.brisbanetimes.com.au/rssheadlines/world.xml
AU general,http://feeds.theage.com.au/rssheadlines/national.xml
AU general,http://au.ibtimes.com/rss/articles/countries/13.rss
AU general,http://rss.nzherald.co.nz/rss/xml/nzhrsscid_000000002.xml
AU general,http://www.gmanetwork.com/news/rss/news
AU general,http://feeds.bbci.co.uk/news/world/asia/rss.xml
AU general,http://www.dailymail.co.uk/auhome/index.rss
AU general,http://feeds.feedburner.com/dailytelegraphnationalnewsndm?format=xml
AU general,http://feeds.news.com.au/public/rss/2.0/bcm_top_stories_257.xml
AU general,http://feeds.news.com.au/public/rss/2.0/anow_topstories_250.xml
AU general,http://feeds.news.com.au/heraldsun/rss/heraldsun_news_morenews_2794.xml
AU general,http://feeds.news.com.au/public/rss/2.0/
AU general,http://feeds.news.com.au/public/rss/2.0/wtn_top_3368.xml
AU sports,http://feeds.news.com.au/public/rss/2.0/fs_breaking_news_13.xml
AU sports,http://www.abc.net.au/news/feed/45924/rss.xml
AU sports,http://feeds.feedburner.com/TheAustralianSportsNews
AU sports,http://feeds.news.com.au/public/rss/2.0/news_sport_3168.xml
AU sports,http://feeds.smh.com.au/rssheadlines/sport.xml
AU sports,http://feeds.theage.com.au/rssheadlines/sport.xml
AU sports,http://feeds.news.com.au/rss/newslocal/dt_nlocal_sport_3214.xml
AU sports,http://feeds.news.com.au/heraldsun/rss/heraldsun_news_sport_2789.xml
AU sports,http://feeds.bbci.co.uk/sport/0/cricket/rss.xml?edition=uk
AU sports,http://sbs.feedsportal.com/c/34692/f/637526/index.rss
AU sports,http://wwos.ninemsn.com.au/rss/headlines/
AU tech,http://feeds.gizmodo.com.au/gizmodoaustraliaau
AU tech,http://www.smh.com.au/rssheadlines/technology-news/article/rss.xml
AU tech,http://feeds.news.com.au/public/rss/2.0/ausit_exec_topstories_385.xml
AU tech,http://feeds.news.com.au/heraldsun/rss/heraldsun_news_technology_2790.xml
AU tech,http://feeds.news.com.au/public/rss/2.0/news_tech_506.xml
AU tech,http://techau.com.au/feed/
AU tech,http://www.techrepublic.com/rssfeeds/blog/australian-technology/
